subj,trial_id,trial_type,trialstart,trialend,tdur,recstart,recend,blinks,eye,tffixos,tffixurt,tfixcnt,tregrcnt,region,reglen,word,line_no,x1_pos,x2_pos,mod_x1,mod_x2,fpurt,fpcount,fpregres,fpregreg,fpregchr,ffos,ffixurt,spilover,rpurt,rpcount,rpregreg,rpregchr,spurt,spcount
1950168,2.0,story03,677267.0,751944.0,74677.0,677328.0,751131.0,21.0,R,70909.0,0.0,253,59,1,6,Cowboy,1,215,281,204.0,281.0,200.0,1.0,0.0,0.0,995.0,2.0,200.0,212.0,200.0,0.0,0.0,995.0,344.0,1.0
1950168,2.0,story03,677267.0,751944.0,74677.0,677328.0,751131.0,21.0,R,70909.0,0.0,253,59,2,4, was,1,281,325,281.0,325.0,128.0,1.0,1.0,1.0,4.0,2.0,128.0,344.0,684.0,2.0,1.0,4.0,656.0,3.0
1950168,2.0,story03,677267.0,751944.0,74677.0,677328.0,751131.0,21.0,R,70909.0,0.0,253,59,3,8, without,1,325,413,325.0,413.0,212.0,1.0,1.0,2.0,2.0,4.0,212.0,128.0,1752.0,7.0,1.0,4.0,412.0,2.0
1950168,2.0,story03,677267.0,751944.0,74677.0,677328.0,751131.0,21.0,R,70909.0,0.0,253,59,4,2, a,1,413,435,413.0,435.0,76.0,1.0,0.0,0.0,995.0,1.0,76.0,132.0,76.0,0.0,0.0,995.0,,
1950168,2.0,story03,677267.0,751944.0,74677.0,677328.0,751131.0,21.0,R,70909.0,0.0,253,59,5,6, doubt,1,435,501,435.0,501.0,468.0,2.0,0.0,0.0,995.0,5.0,132.0,212.0,468.0,0.0,0.0,995.0,,
1950168,2.0,story03,677267.0,751944.0,74677.0,677328.0,751131.0,21.0,R,70909.0,0.0,253,59,6,4, the,1,501,545,501.0,545.0,,,,,,,,,,,,,,
1950168,2.0,story03,677267.0,751944.0,74677.0,677328.0,751131.0,21.0,R,70909.0,0.0,253,59,7,8, ugliest,1,545,633,545.0,633.0,448.0,2.0,0.0,0.0,995.0,2.0,212.0,284.0,448.0,0.0,0.0,995.0,,
1950168,2.0,story03,677267.0,751944.0,74677.0,677328.0,751131.0,21.0,R,70909.0,0.0,253,59,8,6, horse,1,633,699,633.0,699.0,284.0,1.0,0.0,0.0,995.0,4.0,284.0,220.0,284.0,0.0,0.0,995.0,,
1950168,2.0,story03,677267.0,751944.0,74677.0,677328.0,751131.0,21.0,R,70909.0,0.0,253,59,9,3, in,1,699,732,699.0,732.0,,,,,,,,,,,,,,
1950168,2.0,story03,677267.0,751944.0,74677.0,677328.0,751131.0,21.0,R,70909.0,0.0,253,59,10,4, the,1,732,776,732.0,776.0,460.0,2.0,0.0,0.0,995.0,2.0,220.0,192.0,460.0,0.0,0.0,995.0,,
1950168,2.0,story03,677267.0,751944.0,74677.0,677328.0,751131.0,21.0,R,70909.0,0.0,253,59,11,7, world.,1,776,853,776.0,853.0,192.0,1.0,0.0,0.0,995.0,5.0,192.0,564.0,192.0,0.0,0.0,995.0,,
1950168,2.0,story03,677267.0,751944.0,74677.0,677328.0,751131.0,21.0,R,70909.0,0.0,253,59,12,5, Even,1,853,908,853.0,908.0,564.0,1.0,0.0,0.0,995.0,3.0,564.0,160.0,564.0,0.0,0.0,995.0,,
1950168,2.0,story03,677267.0,751944.0,74677.0,677328.0,751131.0,21.0,R,70909.0,0.0,253,59,13,4," so,",1,908,952,908.0,952.0,160.0,1.0,0.0,0.0,995.0,3.0,160.0,364.0,160.0,0.0,0.0,995.0,,
1950168,2.0,story03,677267.0,751944.0,74677.0,677328.0,751131.0,21.0,R,70909.0,0.0,253,59,14,2, I,1,952,974,952.0,985.0,,,,,,,,,,,,,,
1950168,2.0,story03,677267.0,751944.0,74677.0,677328.0,751131.0,21.0,R,70909.0,0.0,253,59,15,5,loved,2,215,270,204.0,270.0,172.0,1.0,0.0,0.0,995.0,2.0,172.0,456.0,172.0,0.0,0.0,995.0,,
1950168,2.0,story03,677267.0,751944.0,74677.0,677328.0,751131.0,21.0,R,70909.0,0.0,253,59,16,4, him,2,270,314,270.0,314.0,456.0,1.0,0.0,0.0,995.0,1.0,456.0,224.0,456.0,0.0,0.0,995.0,,
1950168,2.0,story03,677267.0,751944.0,74677.0,677328.0,751131.0,21.0,R,70909.0,0.0,253,59,17,7, beyond,2,314,391,314.0,391.0,224.0,1.0,0.0,0.0,995.0,6.0,224.0,160.0,224.0,0.0,0.0,995.0,,
1950168,2.0,story03,677267.0,751944.0,74677.0,677328.0,751131.0,21.0,R,70909.0,0.0,253,59,18,4, all,2,391,435,391.0,435.0,280.0,2.0,0.0,0.0,995.0,2.0,160.0,420.0,280.0,0.0,0.0,995.0,,
1950168,2.0,story03,677267.0,751944.0,74677.0,677328.0,751131.0,21.0,R,70909.0,0.0,253,59,19,8, reason.,2,435,523,435.0,523.0,,,,,,,,,,,,,,
1950168,2.0,story03,677267.0,751944.0,74677.0,677328.0,751131.0,21.0,R,70909.0,0.0,253,59,20,2, I,2,523,545,523.0,545.0,176.0,1.0,0.0,0.0,995.0,1.0,176.0,272.0,176.0,0.0,0.0,995.0,,
1950168,2.0,story03,677267.0,751944.0,74677.0,677328.0,751131.0,21.0,R,70909.0,0.0,253,59,21,9, realized,2,545,644,545.0,644.0,272.0,1.0,0.0,0.0,995.0,5.0,272.0,400.0,272.0,0.0,0.0,995.0,,
1950168,2.0,story03,677267.0,751944.0,74677.0,677328.0,751131.0,21.0,R,70909.0,0.0,253,59,22,5, that,2,644,699,644.0,699.0,400.0,1.0,0.0,0.0,995.0,3.0,400.0,456.0,400.0,0.0,0.0,995.0,,
1950168,2.0,story03,677267.0,751944.0,74677.0,677328.0,751131.0,21.0,R,70909.0,0.0,253,59,23,3, my,2,699,732,699.0,732.0,,,,,,,,,,,,,,
1950168,2.0,story03,677267.0,751944.0,74677.0,677328.0,751131.0,21.0,R,70909.0,0.0,253,59,24,5, only,2,732,787,732.0,787.0,456.0,1.0,0.0,0.0,995.0,3.0,456.0,224.0,456.0,0.0,0.0,995.0,148.0,1.0
1950168,2.0,story03,677267.0,751944.0,74677.0,677328.0,751131.0,21.0,R,70909.0,0.0,253,59,25,7, chance,2,787,864,787.0,864.0,232.0,1.0,0.0,0.0,995.0,4.0,232.0,520.0,232.0,0.0,0.0,995.0,264.0,1.0
1950168,2.0,story03,677267.0,751944.0,74677.0,677328.0,751131.0,21.0,R,70909.0,0.0,253,59,26,3, to,2,864,897,864.0,897.0,224.0,1.0,1.0,25.0,120.0,0.0,224.0,232.0,456.0,1.0,25.0,125.0,312.0,1.0
1950168,2.0,story03,677267.0,751944.0,74677.0,677328.0,751131.0,21.0,R,70909.0,0.0,253,59,27,8, compete,2,897,985,897.0,996.0,640.0,2.0,0.0,0.0,995.0,4.0,520.0,416.0,640.0,0.0,0.0,995.0,288.0,1.0
1950168,2.0,story03,677267.0,751944.0,74677.0,677328.0,751131.0,21.0,R,70909.0,0.0,253,59,28,5,would,3,215,270,204.0,270.0,416.0,1.0,1.0,24.0,117.0,4.0,416.0,148.0,1428.0,4.0,24.0,120.0,432.0,2.0
1950168,2.0,story03,677267.0,751944.0,74677.0,677328.0,751131.0,21.0,R,70909.0,0.0,253,59,29,3, be,3,270,303,270.0,303.0,,,,,,,,,,,,,,
1950168,2.0,story03,677267.0,751944.0,74677.0,677328.0,751131.0,21.0,R,70909.0,0.0,253,59,30,3, in,3,303,336,303.0,336.0,120.0,1.0,1.0,28.0,135.0,0.0,120.0,224.0,344.0,1.0,28.0,143.0,,
1950168,2.0,story03,677267.0,751944.0,74677.0,677328.0,751131.0,21.0,R,70909.0,0.0,253,59,31,4, the,3,336,380,336.0,380.0,300.0,1.0,1.0,28.0,135.0,1.0,300.0,208.0,508.0,1.0,28.0,143.0,228.0,1.0
1950168,2.0,story03,677267.0,751944.0,74677.0,677328.0,751131.0,21.0,R,70909.0,0.0,253,59,32,6, speed,3,380,446,380.0,446.0,196.0,1.0,1.0,31.0,147.0,4.0,196.0,228.0,740.0,2.0,31.0,150.0,316.0,1.0
1950168,2.0,story03,677267.0,751944.0,74677.0,677328.0,751131.0,21.0,R,70909.0,0.0,253,59,33,8," events,",3,446,534,446.0,534.0,304.0,1.0,0.0,0.0,995.0,6.0,304.0,404.0,304.0,0.0,0.0,995.0,,
1950168,2.0,story03,677267.0,751944.0,74677.0,677328.0,751131.0,21.0,R,70909.0,0.0,253,59,34,6, since,3,534,600,534.0,600.0,404.0,1.0,0.0,0.0,995.0,2.0,404.0,252.0,404.0,0.0,0.0,995.0,164.0,1.0
1950168,2.0,story03,677267.0,751944.0,74677.0,677328.0,751131.0,21.0,R,70909.0,0.0,253,59,35,7, events,3,600,677,600.0,677.0,588.0,2.0,1.0,34.0,164.0,2.0,252.0,164.0,752.0,1.0,34.0,172.0,,
1950168,2.0,story03,677267.0,751944.0,74677.0,677328.0,751131.0,21.0,R,70909.0,0.0,253,59,36,6, based,3,677,743,677.0,743.0,500.0,2.0,0.0,0.0,995.0,5.0,116.0,308.0,500.0,0.0,0.0,995.0,,
1950168,2.0,story03,677267.0,751944.0,74677.0,677328.0,751131.0,21.0,R,70909.0,0.0,253,59,37,3, on,3,743,776,743.0,776.0,,,,,,,,,,,,,,
1950168,2.0,story03,677267.0,751944.0,74677.0,677328.0,751131.0,21.0,R,70909.0,0.0,253,59,38,11, appearance,3,776,897,776.0,897.0,308.0,1.0,0.0,0.0,995.0,5.0,308.0,340.0,308.0,0.0,0.0,995.0,,
1950168,2.0,story03,677267.0,751944.0,74677.0,677328.0,751131.0,21.0,R,70909.0,0.0,253,59,39,5, were,3,897,952,897.0,952.0,340.0,1.0,0.0,0.0,995.0,0.0,340.0,260.0,340.0,0.0,0.0,995.0,308.0,1.0
1950168,2.0,story03,677267.0,751944.0,74677.0,677328.0,751131.0,21.0,R,70909.0,0.0,253,59,40,4, out,3,952,996,952.0,996.0,260.0,1.0,1.0,39.0,190.0,1.0,260.0,308.0,1036.0,2.0,39.0,201.0,468.0,1.0
1950168,2.0,story03,677267.0,751944.0,74677.0,677328.0,751131.0,21.0,R,70909.0,0.0,253,59,41,3, of,3,996,1029,996.0,1040.0,132.0,1.0,0.0,0.0,995.0,0.0,132.0,120.0,132.0,0.0,0.0,995.0,,
1950168,2.0,story03,677267.0,751944.0,74677.0,677328.0,751131.0,21.0,R,70909.0,0.0,253,59,42,3,the,4,215,248,204.0,248.0,,,,,,,,,,,,,,
1950168,2.0,story03,677267.0,751944.0,74677.0,677328.0,751131.0,21.0,R,70909.0,0.0,253,59,43,10, question.,4,248,358,248.0,358.0,364.0,2.0,0.0,0.0,995.0,5.0,120.0,212.0,364.0,0.0,0.0,995.0,264.0,1.0
1950168,2.0,story03,677267.0,751944.0,74677.0,677328.0,751131.0,21.0,R,70909.0,0.0,253,59,44,2, I,4,358,380,358.0,380.0,388.0,1.0,1.0,43.0,217.0,0.0,388.0,264.0,844.0,2.0,43.0,220.0,192.0,1.0
1950168,2.0,story03,677267.0,751944.0,74677.0,677328.0,751131.0,21.0,R,70909.0,0.0,253,59,45,6, chose,4,380,446,380.0,446.0,212.0,1.0,1.0,44.0,216.0,0.0,212.0,388.0,1056.0,3.0,43.0,220.0,,
1950168,2.0,story03,677267.0,751944.0,74677.0,677328.0,751131.0,21.0,R,70909.0,0.0,253,59,46,7, barrel,4,446,523,446.0,523.0,236.0,1.0,0.0,0.0,995.0,1.0,236.0,248.0,236.0,0.0,0.0,995.0,,
1950168,2.0,story03,677267.0,751944.0,74677.0,677328.0,751131.0,21.0,R,70909.0,0.0,253,59,47,7, racing,4,523,600,523.0,600.0,248.0,1.0,0.0,0.0,995.0,2.0,248.0,104.0,248.0,0.0,0.0,995.0,,
1950168,2.0,story03,677267.0,751944.0,74677.0,677328.0,751131.0,21.0,R,70909.0,0.0,253,59,48,4, and,4,600,644,600.0,644.0,,,,,,,,,,,,,,
1950168,2.0,story03,677267.0,751944.0,74677.0,677328.0,751131.0,21.0,R,70909.0,0.0,253,59,49,5, came,4,644,699,644.0,699.0,612.0,3.0,0.0,0.0,995.0,3.0,104.0,272.0,612.0,0.0,0.0,995.0,,
1950168,2.0,story03,677267.0,751944.0,74677.0,677328.0,751131.0,21.0,R,70909.0,0.0,253,59,50,3, in,4,699,732,699.0,732.0,272.0,1.0,0.0,0.0,995.0,2.0,272.0,204.0,272.0,0.0,0.0,995.0,,
1950168,2.0,story03,677267.0,751944.0,74677.0,677328.0,751131.0,21.0,R,70909.0,0.0,253,59,51,5, next,4,732,787,732.0,787.0,,,,,,,,,,,,,,
1950168,2.0,story03,677267.0,751944.0,74677.0,677328.0,751131.0,21.0,R,70909.0,0.0,253,59,52,3, to,4,787,820,787.0,820.0,204.0,1.0,0.0,0.0,995.0,0.0,204.0,176.0,204.0,0.0,0.0,995.0,,
1950168,2.0,story03,677267.0,751944.0,74677.0,677328.0,751131.0,21.0,R,70909.0,0.0,253,59,53,6," last,",4,820,886,820.0,886.0,176.0,1.0,0.0,0.0,995.0,0.0,176.0,252.0,176.0,0.0,0.0,995.0,128.0,1.0
1950168,2.0,story03,677267.0,751944.0,74677.0,677328.0,751131.0,21.0,R,70909.0,0.0,253,59,54,6, while,4,886,952,886.0,952.0,436.0,2.0,1.0,53.0,270.0,2.0,252.0,128.0,564.0,1.0,53.0,273.0,,
1950168,2.0,story03,677267.0,751944.0,74677.0,677328.0,751131.0,21.0,R,70909.0,0.0,253,59,55,7," Becky,",4,952,1029,952.0,1040.0,416.0,2.0,0.0,0.0,995.0,2.0,284.0,140.0,416.0,0.0,0.0,995.0,,
1950168,2.0,story03,677267.0,751944.0,74677.0,677328.0,751131.0,21.0,R,70909.0,0.0,253,59,56,3,who,5,215,248,204.0,248.0,244.0,1.0,0.0,0.0,995.0,2.0,244.0,512.0,244.0,0.0,0.0,995.0,,
1950168,2.0,story03,677267.0,751944.0,74677.0,677328.0,751131.0,21.0,R,70909.0,0.0,253,59,57,5, rode,5,248,303,248.0,303.0,324.0,2.0,1.0,56.0,282.0,3.0,140.0,244.0,568.0,1.0,56.0,289.0,,
1950168,2.0,story03,677267.0,751944.0,74677.0,677328.0,751131.0,21.0,R,70909.0,0.0,253,59,58,2, a,5,303,325,303.0,325.0,,,,,,,,,,,,,,
1950168,2.0,story03,677267.0,751944.0,74677.0,677328.0,751131.0,21.0,R,70909.0,0.0,253,59,59,4, big,5,325,369,325.0,369.0,512.0,1.0,0.0,0.0,995.0,3.0,512.0,324.0,512.0,0.0,0.0,995.0,,
1950168,2.0,story03,677267.0,751944.0,74677.0,677328.0,751131.0,21.0,R,70909.0,0.0,253,59,60,6, brown,5,369,435,369.0,435.0,324.0,1.0,0.0,0.0,995.0,4.0,324.0,336.0,324.0,0.0,0.0,995.0,,
1950168,2.0,story03,677267.0,751944.0,74677.0,677328.0,751131.0,21.0,R,70909.0,0.0,253,59,61,13, thoroughbred,5,435,578,435.0,578.0,472.0,2.0,0.0,0.0,995.0,6.0,336.0,276.0,472.0,0.0,0.0,995.0,,
1950168,2.0,story03,677267.0,751944.0,74677.0,677328.0,751131.0,21.0,R,70909.0,0.0,253,59,62,6," mare,",5,578,644,578.0,644.0,276.0,1.0,0.0,0.0,995.0,1.0,276.0,208.0,276.0,0.0,0.0,995.0,,
1950168,2.0,story03,677267.0,751944.0,74677.0,677328.0,751131.0,21.0,R,70909.0,0.0,253,59,63,4, won,5,644,688,644.0,688.0,208.0,1.0,0.0,0.0,995.0,3.0,208.0,300.0,208.0,0.0,0.0,995.0,,
1950168,2.0,story03,677267.0,751944.0,74677.0,677328.0,751131.0,21.0,R,70909.0,0.0,253,59,64,6, every,5,688,754,688.0,754.0,,,,,,,,,,,,,,
1950168,2.0,story03,677267.0,751944.0,74677.0,677328.0,751131.0,21.0,R,70909.0,0.0,253,59,65,6, time.,5,754,820,754.0,820.0,552.0,2.0,0.0,0.0,995.0,0.0,300.0,420.0,552.0,0.0,0.0,995.0,,
1950168,2.0,story03,677267.0,751944.0,74677.0,677328.0,751131.0,21.0,R,70909.0,0.0,253,59,66,4, For,5,820,864,820.0,864.0,,,,,,,,,,,,,,
1950168,2.0,story03,677267.0,751944.0,74677.0,677328.0,751131.0,21.0,R,70909.0,0.0,253,59,67,4, the,5,864,908,864.0,908.0,420.0,1.0,0.0,0.0,995.0,1.0,420.0,392.0,420.0,0.0,0.0,995.0,,
1950168,2.0,story03,677267.0,751944.0,74677.0,677328.0,751131.0,21.0,R,70909.0,0.0,253,59,68,6, whole,5,908,974,908.0,974.0,392.0,1.0,0.0,0.0,995.0,2.0,392.0,404.0,392.0,0.0,0.0,995.0,,
1950168,2.0,story03,677267.0,751944.0,74677.0,677328.0,751131.0,21.0,R,70909.0,0.0,253,59,69,5, next,5,974,1029,974.0,1040.0,404.0,1.0,0.0,0.0,995.0,0.0,404.0,320.0,404.0,0.0,0.0,995.0,,
1950168,2.0,story03,677267.0,751944.0,74677.0,677328.0,751131.0,21.0,R,70909.0,0.0,253,59,70,5,month,6,215,270,204.0,270.0,,,,,,,,,,,,,,
1950168,2.0,story03,677267.0,751944.0,74677.0,677328.0,751131.0,21.0,R,70909.0,0.0,253,59,71,2, I,6,270,292,270.0,292.0,320.0,1.0,0.0,0.0,995.0,0.0,320.0,192.0,320.0,0.0,0.0,995.0,,
1950168,2.0,story03,677267.0,751944.0,74677.0,677328.0,751131.0,21.0,R,70909.0,0.0,253,59,72,5, woke,6,292,347,292.0,347.0,896.0,2.0,0.0,0.0,995.0,3.0,192.0,268.0,896.0,0.0,0.0,995.0,,
1950168,2.0,story03,677267.0,751944.0,74677.0,677328.0,751131.0,21.0,R,70909.0,0.0,253,59,73,3, up,6,347,380,347.0,380.0,,,,,,,,,,,,,,
1950168,2.0,story03,677267.0,751944.0,74677.0,677328.0,751131.0,21.0,R,70909.0,0.0,253,59,74,6, early,6,380,446,380.0,446.0,440.0,2.0,0.0,0.0,995.0,0.0,268.0,176.0,440.0,0.0,0.0,995.0,,
1950168,2.0,story03,677267.0,751944.0,74677.0,677328.0,751131.0,21.0,R,70909.0,0.0,253,59,75,6, every,6,446,512,446.0,512.0,176.0,1.0,0.0,0.0,995.0,3.0,176.0,168.0,176.0,0.0,0.0,995.0,,
1950168,2.0,story03,677267.0,751944.0,74677.0,677328.0,751131.0,21.0,R,70909.0,0.0,253,59,76,4, day,6,512,556,512.0,556.0,168.0,1.0,0.0,0.0,995.0,1.0,168.0,284.0,168.0,0.0,0.0,995.0,,
1950168,2.0,story03,677267.0,751944.0,74677.0,677328.0,751131.0,21.0,R,70909.0,0.0,253,59,77,4, and,6,556,600,556.0,600.0,,,,,,,,,,,,,,
1950168,2.0,story03,677267.0,751944.0,74677.0,677328.0,751131.0,21.0,R,70909.0,0.0,253,59,78,5, rode,6,600,655,600.0,655.0,284.0,1.0,0.0,0.0,995.0,0.0,284.0,228.0,284.0,0.0,0.0,995.0,,
1950168,2.0,story03,677267.0,751944.0,74677.0,677328.0,751131.0,21.0,R,70909.0,0.0,253,59,79,7, Cowboy,6,655,732,655.0,732.0,568.0,2.0,0.0,0.0,995.0,0.0,228.0,476.0,568.0,0.0,0.0,995.0,,
1950168,2.0,story03,677267.0,751944.0,74677.0,677328.0,751131.0,21.0,R,70909.0,0.0,253,59,80,5, five,6,732,787,732.0,787.0,476.0,1.0,0.0,0.0,995.0,2.0,476.0,168.0,476.0,0.0,0.0,995.0,,
1950168,2.0,story03,677267.0,751944.0,74677.0,677328.0,751131.0,21.0,R,70909.0,0.0,253,59,81,6, miles,6,787,853,787.0,853.0,168.0,1.0,0.0,0.0,995.0,3.0,168.0,248.0,168.0,0.0,0.0,995.0,,
1950168,2.0,story03,677267.0,751944.0,74677.0,677328.0,751131.0,21.0,R,70909.0,0.0,253,59,82,3, to,6,853,886,853.0,886.0,,,,,,,,,,,,,,
1950168,2.0,story03,677267.0,751944.0,74677.0,677328.0,751131.0,21.0,R,70909.0,0.0,253,59,83,4, the,6,886,930,886.0,930.0,248.0,1.0,0.0,0.0,995.0,2.0,248.0,196.0,248.0,0.0,0.0,995.0,,
1950168,2.0,story03,677267.0,751944.0,74677.0,677328.0,751131.0,21.0,R,70909.0,0.0,253,59,84,6, arena,6,930,996,930.0,996.0,196.0,1.0,0.0,0.0,995.0,4.0,196.0,548.0,196.0,0.0,0.0,995.0,,
1950168,2.0,story03,677267.0,751944.0,74677.0,677328.0,751131.0,21.0,R,70909.0,0.0,253,59,85,4, and,6,996,1040,996.0,1051.0,,,,,,,,,,,,,,
1950168,2.0,story03,677267.0,751944.0,74677.0,677328.0,751131.0,21.0,R,70909.0,0.0,253,59,86,8,trained.,7,215,303,204.0,303.0,1472.0,4.0,0.0,0.0,995.0,4.0,548.0,276.0,1472.0,0.0,0.0,995.0,,
1950168,2.0,story03,677267.0,751944.0,74677.0,677328.0,751131.0,21.0,R,70909.0,0.0,253,59,87,3, On,7,303,336,303.0,336.0,,,,,,,,,,,,,,
1950168,2.0,story03,677267.0,751944.0,74677.0,677328.0,751131.0,21.0,R,70909.0,0.0,253,59,88,4, the,7,336,380,336.0,380.0,,,,,,,,,,,,,,
1950168,2.0,story03,677267.0,751944.0,74677.0,677328.0,751131.0,21.0,R,70909.0,0.0,253,59,89,4, way,7,380,424,380.0,424.0,420.0,2.0,0.0,0.0,995.0,0.0,276.0,224.0,420.0,0.0,0.0,995.0,,
1950168,2.0,story03,677267.0,751944.0,74677.0,677328.0,751131.0,21.0,R,70909.0,0.0,253,59,90,5, home,7,424,479,424.0,479.0,348.0,2.0,0.0,0.0,995.0,4.0,224.0,480.0,348.0,0.0,0.0,995.0,,
1950168,2.0,story03,677267.0,751944.0,74677.0,677328.0,751131.0,21.0,R,70909.0,0.0,253,59,91,5, from,7,479,534,479.0,534.0,,,,,,,,,,,,,,
1950168,2.0,story03,677267.0,751944.0,74677.0,677328.0,751131.0,21.0,R,70909.0,0.0,253,59,92,4, the,7,534,578,534.0,578.0,480.0,1.0,0.0,0.0,995.0,2.0,480.0,100.0,480.0,0.0,0.0,995.0,,
1950168,2.0,story03,677267.0,751944.0,74677.0,677328.0,751131.0,21.0,R,70909.0,0.0,253,59,93,7," arena,",7,578,655,578.0,655.0,280.0,1.0,0.0,0.0,995.0,6.0,280.0,264.0,280.0,0.0,0.0,995.0,188.0,1.0
1950168,2.0,story03,677267.0,751944.0,74677.0,677328.0,751131.0,21.0,R,70909.0,0.0,253,59,94,2, I,7,655,677,655.0,677.0,100.0,1.0,1.0,93.0,471.0,0.0,100.0,280.0,380.0,1.0,93.0,475.0,172.0,1.0
1950168,2.0,story03,677267.0,751944.0,74677.0,677328.0,751131.0,21.0,R,70909.0,0.0,253,59,95,6, would,7,677,743,677.0,743.0,264.0,1.0,1.0,94.0,470.0,3.0,264.0,172.0,436.0,1.0,94.0,477.0,776.0,3.0
1950168,2.0,story03,677267.0,751944.0,74677.0,677328.0,751131.0,21.0,R,70909.0,0.0,253,59,96,3, be,7,743,776,743.0,776.0,236.0,1.0,1.0,95.0,476.0,1.0,236.0,408.0,980.0,3.0,93.0,474.0,,
1950168,2.0,story03,677267.0,751944.0,74677.0,677328.0,751131.0,21.0,R,70909.0,0.0,253,59,97,3, so,7,776,809,776.0,809.0,156.0,1.0,1.0,95.0,478.0,0.0,156.0,220.0,1440.0,6.0,93.0,474.0,84.0,1.0
1950168,2.0,story03,677267.0,751944.0,74677.0,677328.0,751131.0,21.0,R,70909.0,0.0,253,59,98,7, tired;,7,809,886,809.0,886.0,496.0,3.0,0.0,0.0,995.0,6.0,132.0,288.0,496.0,0.0,0.0,995.0,,
1950168,2.0,story03,677267.0,751944.0,74677.0,677328.0,751131.0,21.0,R,70909.0,0.0,253,59,99,6, those,7,886,952,886.0,952.0,288.0,1.0,0.0,0.0,995.0,3.0,288.0,348.0,288.0,0.0,0.0,995.0,,
1950168,2.0,story03,677267.0,751944.0,74677.0,677328.0,751131.0,21.0,R,70909.0,0.0,253,59,100,5, five,7,952,1007,952.0,1018.0,348.0,1.0,0.0,0.0,995.0,2.0,348.0,352.0,348.0,0.0,0.0,995.0,,
1950168,2.0,story03,677267.0,751944.0,74677.0,677328.0,751131.0,21.0,R,70909.0,0.0,253,59,101,5,miles,8,215,270,204.0,270.0,352.0,1.0,0.0,0.0,995.0,4.0,352.0,228.0,352.0,0.0,0.0,995.0,180.0,1.0
1950168,2.0,story03,677267.0,751944.0,74677.0,677328.0,751131.0,21.0,R,70909.0,0.0,253,59,102,7, seemed,8,270,347,270.0,347.0,912.0,3.0,0.0,0.0,995.0,3.0,228.0,248.0,912.0,0.0,0.0,995.0,240.0,2.0
1950168,2.0,story03,677267.0,751944.0,74677.0,677328.0,751131.0,21.0,R,70909.0,0.0,253,59,103,6, twice,8,347,413,347.0,413.0,248.0,1.0,1.0,102.0,508.0,2.0,248.0,160.0,848.0,4.0,101.0,510.0,180.0,1.0
1950168,2.0,story03,677267.0,751944.0,74677.0,677328.0,751131.0,21.0,R,70909.0,0.0,253,59,104,3, as,8,413,446,413.0,446.0,,,,,,,,,,,,,,
1950168,2.0,story03,677267.0,751944.0,74677.0,677328.0,751131.0,21.0,R,70909.0,0.0,253,59,105,6, long.,8,446,512,446.0,512.0,1040.0,2.0,0.0,0.0,995.0,1.0,840.0,208.0,1040.0,0.0,0.0,995.0,,
1950168,2.0,story03,677267.0,751944.0,74677.0,677328.0,751131.0,21.0,R,70909.0,0.0,253,59,106,3, In,8,512,545,512.0,545.0,,,,,,,,,,,,,,
1950168,2.0,story03,677267.0,751944.0,74677.0,677328.0,751131.0,21.0,R,70909.0,0.0,253,59,107,4, the,8,545,589,545.0,589.0,208.0,1.0,0.0,0.0,995.0,3.0,208.0,240.0,208.0,0.0,0.0,995.0,188.0,1.0
1950168,2.0,story03,677267.0,751944.0,74677.0,677328.0,751131.0,21.0,R,70909.0,0.0,253,59,108,10, following,8,589,699,589.0,699.0,240.0,1.0,1.0,107.0,538.0,6.0,240.0,188.0,428.0,1.0,107.0,541.0,,
1950168,2.0,story03,677267.0,751944.0,74677.0,677328.0,751131.0,21.0,R,70909.0,0.0,253,59,109,13," competition,",8,699,842,699.0,842.0,556.0,3.0,0.0,0.0,995.0,0.0,188.0,88.0,556.0,0.0,0.0,995.0,,
1950168,2.0,story03,677267.0,751944.0,74677.0,677328.0,751131.0,21.0,R,70909.0,0.0,253,59,110,2, I,8,842,864,842.0,864.0,88.0,1.0,0.0,0.0,995.0,0.0,88.0,324.0,88.0,0.0,0.0,995.0,,
1950168,2.0,story03,677267.0,751944.0,74677.0,677328.0,751131.0,21.0,R,70909.0,0.0,253,59,111,4, sat,8,864,908,864.0,908.0,324.0,1.0,0.0,0.0,995.0,2.0,324.0,268.0,324.0,0.0,0.0,995.0,,
1950168,2.0,story03,677267.0,751944.0,74677.0,677328.0,751131.0,21.0,R,70909.0,0.0,253,59,112,3, at,8,908,941,908.0,941.0,,,,,,,,,,,,,,
1950168,2.0,story03,677267.0,751944.0,74677.0,677328.0,751131.0,21.0,R,70909.0,0.0,253,59,113,4, the,8,941,985,941.0,985.0,268.0,1.0,0.0,0.0,995.0,2.0,268.0,232.0,268.0,0.0,0.0,995.0,,
1950168,2.0,story03,677267.0,751944.0,74677.0,677328.0,751131.0,21.0,R,70909.0,0.0,253,59,114,5, gate,8,985,1040,985.0,1051.0,,,,,,,,,,,,,,
1950168,2.0,story03,677267.0,751944.0,74677.0,677328.0,751131.0,21.0,R,70909.0,0.0,253,59,115,5,while,9,215,270,204.0,270.0,232.0,1.0,0.0,0.0,995.0,3.0,232.0,152.0,232.0,0.0,0.0,995.0,260.0,1.0
1950168,2.0,story03,677267.0,751944.0,74677.0,677328.0,751131.0,21.0,R,70909.0,0.0,253,59,116,2, I,9,270,292,270.0,292.0,,,,,,,,,,,,,,
1950168,2.0,story03,677267.0,751944.0,74677.0,677328.0,751131.0,21.0,R,70909.0,0.0,253,59,117,8, watched,9,292,380,292.0,380.0,152.0,1.0,1.0,115.0,582.0,0.0,152.0,260.0,412.0,1.0,115.0,587.0,,
1950168,2.0,story03,677267.0,751944.0,74677.0,677328.0,751131.0,21.0,R,70909.0,0.0,253,59,118,6, Becky,9,380,446,380.0,446.0,556.0,2.0,0.0,0.0,995.0,2.0,324.0,436.0,556.0,0.0,0.0,995.0,,
1950168,2.0,story03,677267.0,751944.0,74677.0,677328.0,751131.0,21.0,R,70909.0,0.0,253,59,119,4, and,9,446,490,446.0,490.0,436.0,1.0,0.0,0.0,995.0,2.0,436.0,204.0,436.0,0.0,0.0,995.0,,
1950168,2.0,story03,677267.0,751944.0,74677.0,677328.0,751131.0,21.0,R,70909.0,0.0,253,59,120,4, her,9,490,534,490.0,534.0,,,,,,,,,,,,,,
1950168,2.0,story03,677267.0,751944.0,74677.0,677328.0,751131.0,21.0,R,70909.0,0.0,253,59,121,6, horse,9,534,600,534.0,600.0,204.0,1.0,0.0,0.0,995.0,1.0,204.0,304.0,204.0,0.0,0.0,995.0,,
1950168,2.0,story03,677267.0,751944.0,74677.0,677328.0,751131.0,21.0,R,70909.0,0.0,253,59,122,5, race,9,600,655,600.0,655.0,304.0,1.0,0.0,0.0,995.0,0.0,304.0,256.0,304.0,0.0,0.0,995.0,,
1950168,2.0,story03,677267.0,751944.0,74677.0,677328.0,751131.0,21.0,R,70909.0,0.0,253,59,123,8, through,9,655,743,655.0,743.0,412.0,2.0,0.0,0.0,995.0,3.0,256.0,164.0,412.0,0.0,0.0,995.0,480.0,1.0
1950168,2.0,story03,677267.0,751944.0,74677.0,677328.0,751131.0,21.0,R,70909.0,0.0,253,59,124,4, the,9,743,787,743.0,787.0,164.0,1.0,1.0,123.0,621.0,1.0,164.0,480.0,644.0,1.0,123.0,626.0,,
1950168,2.0,story03,677267.0,751944.0,74677.0,677328.0,751131.0,21.0,R,70909.0,0.0,253,59,125,7, course,9,787,864,787.0,864.0,476.0,2.0,0.0,0.0,995.0,0.0,224.0,132.0,476.0,0.0,0.0,995.0,,
1950168,2.0,story03,677267.0,751944.0,74677.0,677328.0,751131.0,21.0,R,70909.0,0.0,253,59,126,5, with,9,864,919,864.0,919.0,132.0,1.0,0.0,0.0,995.0,1.0,132.0,180.0,132.0,0.0,0.0,995.0,,
1950168,2.0,story03,677267.0,751944.0,74677.0,677328.0,751131.0,21.0,R,70909.0,0.0,253,59,127,6, ease.,9,919,985,919.0,985.0,180.0,1.0,0.0,0.0,995.0,1.0,180.0,524.0,180.0,0.0,0.0,995.0,,
1950168,2.0,story03,677267.0,751944.0,74677.0,677328.0,751131.0,21.0,R,70909.0,0.0,253,59,128,3, My,9,985,1018,985.0,1029.0,524.0,1.0,0.0,0.0,995.0,0.0,524.0,116.0,524.0,0.0,0.0,995.0,,
1950168,2.0,story03,677267.0,751944.0,74677.0,677328.0,751131.0,21.0,R,70909.0,0.0,253,59,129,4,turn,10,215,259,204.0,259.0,,,,,,,,,,,,,,
1950168,2.0,story03,677267.0,751944.0,74677.0,677328.0,751131.0,21.0,R,70909.0,0.0,253,59,130,8, finally,10,259,347,259.0,347.0,320.0,2.0,0.0,0.0,995.0,0.0,116.0,316.0,320.0,0.0,0.0,995.0,,
1950168,2.0,story03,677267.0,751944.0,74677.0,677328.0,751131.0,21.0,R,70909.0,0.0,253,59,131,6, came.,10,347,413,347.0,413.0,640.0,2.0,0.0,0.0,995.0,0.0,316.0,120.0,640.0,0.0,0.0,995.0,,
1950168,2.0,story03,677267.0,751944.0,74677.0,677328.0,751131.0,21.0,R,70909.0,0.0,253,59,132,3, At,10,413,446,413.0,446.0,,,,,,,,,,,,,,
1950168,2.0,story03,677267.0,751944.0,74677.0,677328.0,751131.0,21.0,R,70909.0,0.0,253,59,133,4, the,10,446,490,446.0,490.0,372.0,2.0,0.0,0.0,995.0,3.0,120.0,792.0,372.0,0.0,0.0,995.0,,
1950168,2.0,story03,677267.0,751944.0,74677.0,677328.0,751131.0,21.0,R,70909.0,0.0,253,59,134,8," signal,",10,490,578,490.0,578.0,,,,,,,,,,,,,,
1950168,2.0,story03,677267.0,751944.0,74677.0,677328.0,751131.0,21.0,R,70909.0,0.0,253,59,135,3, we,10,578,611,578.0,611.0,792.0,1.0,0.0,0.0,995.0,1.0,792.0,216.0,792.0,0.0,0.0,995.0,,
1950168,2.0,story03,677267.0,751944.0,74677.0,677328.0,751131.0,21.0,R,70909.0,0.0,253,59,136,7, dashed,10,611,688,611.0,688.0,216.0,1.0,0.0,0.0,995.0,5.0,216.0,456.0,216.0,0.0,0.0,995.0,,
1950168,2.0,story03,677267.0,751944.0,74677.0,677328.0,751131.0,21.0,R,70909.0,0.0,253,59,137,7, toward,10,688,765,688.0,765.0,456.0,1.0,0.0,0.0,995.0,5.0,456.0,280.0,456.0,0.0,0.0,995.0,,
1950168,2.0,story03,677267.0,751944.0,74677.0,677328.0,751131.0,21.0,R,70909.0,0.0,253,59,138,4, the,10,765,809,765.0,809.0,,,,,,,,,,,,,,
1950168,2.0,story03,677267.0,751944.0,74677.0,677328.0,751131.0,21.0,R,70909.0,0.0,253,59,139,6, first,10,809,875,809.0,875.0,644.0,2.0,0.0,0.0,995.0,3.0,280.0,260.0,644.0,0.0,0.0,995.0,192.0,1.0
1950168,2.0,story03,677267.0,751944.0,74677.0,677328.0,751131.0,21.0,R,70909.0,0.0,253,59,140,8," barrel,",10,875,963,875.0,974.0,260.0,1.0,1.0,139.0,708.0,2.0,260.0,192.0,820.0,2.0,139.0,712.0,368.0,1.0
1950168,2.0,story03,677267.0,751944.0,74677.0,677328.0,751131.0,21.0,R,70909.0,0.0,253,59,141,7,whipped,11,215,292,204.0,292.0,340.0,2.0,0.0,0.0,995.0,5.0,164.0,292.0,340.0,0.0,0.0,995.0,320.0,2.0
1950168,2.0,story03,677267.0,751944.0,74677.0,677328.0,751131.0,21.0,R,70909.0,0.0,253,59,142,7, around,11,292,369,292.0,369.0,292.0,1.0,1.0,141.0,719.0,4.0,292.0,244.0,816.0,3.0,141.0,727.0,568.0,2.0
1950168,2.0,story03,677267.0,751944.0,74677.0,677328.0,751131.0,21.0,R,70909.0,0.0,253,59,143,3, it,11,369,402,369.0,402.0,496.0,1.0,1.0,142.0,728.0,1.0,496.0,364.0,860.0,1.0,142.0,735.0,,
1950168,2.0,story03,677267.0,751944.0,74677.0,677328.0,751131.0,21.0,R,70909.0,0.0,253,59,144,4, and,11,402,446,402.0,446.0,616.0,1.0,1.0,143.0,732.0,3.0,616.0,496.0,1664.0,3.0,142.0,735.0,188.0,1.0
1950168,2.0,story03,677267.0,751944.0,74677.0,677328.0,751131.0,21.0,R,70909.0,0.0,253,59,145,5, with,11,446,501,446.0,501.0,272.0,1.0,0.0,0.0,995.0,0.0,272.0,160.0,272.0,0.0,0.0,995.0,,
1950168,2.0,story03,677267.0,751944.0,74677.0,677328.0,751131.0,21.0,R,70909.0,0.0,253,59,146,8, perfect,11,501,589,501.0,589.0,160.0,1.0,0.0,0.0,995.0,2.0,160.0,280.0,160.0,0.0,0.0,995.0,,
1950168,2.0,story03,677267.0,751944.0,74677.0,677328.0,751131.0,21.0,R,70909.0,0.0,253,59,147,10, precision,11,589,699,589.0,699.0,280.0,1.0,0.0,0.0,995.0,2.0,280.0,240.0,280.0,0.0,0.0,995.0,,
1950168,2.0,story03,677267.0,751944.0,74677.0,677328.0,751131.0,21.0,R,70909.0,0.0,253,59,148,8, rounded,11,699,787,699.0,787.0,536.0,2.0,0.0,0.0,995.0,0.0,240.0,324.0,536.0,0.0,0.0,995.0,,
1950168,2.0,story03,677267.0,751944.0,74677.0,677328.0,751131.0,21.0,R,70909.0,0.0,253,59,149,4, the,11,787,831,787.0,831.0,,,,,,,,,,,,,,
1950168,2.0,story03,677267.0,751944.0,74677.0,677328.0,751131.0,21.0,R,70909.0,0.0,253,59,150,7, second,11,831,908,831.0,908.0,324.0,1.0,0.0,0.0,995.0,1.0,324.0,168.0,324.0,0.0,0.0,995.0,,
1950168,2.0,story03,677267.0,751944.0,74677.0,677328.0,751131.0,21.0,R,70909.0,0.0,253,59,151,4, and,11,908,952,908.0,952.0,168.0,1.0,0.0,0.0,995.0,0.0,168.0,168.0,168.0,0.0,0.0,995.0,,
1950168,2.0,story03,677267.0,751944.0,74677.0,677328.0,751131.0,21.0,R,70909.0,0.0,253,59,152,4, the,11,952,996,952.0,1007.0,,,,,,,,,,,,,,
1950168,2.0,story03,677267.0,751944.0,74677.0,677328.0,751131.0,21.0,R,70909.0,0.0,253,59,153,6,third.,12,215,281,204.0,281.0,180.0,1.0,0.0,0.0,995.0,4.0,180.0,408.0,180.0,0.0,0.0,995.0,,
1950168,2.0,story03,677267.0,751944.0,74677.0,677328.0,751131.0,21.0,R,70909.0,0.0,253,59,154,5, When,12,281,336,281.0,336.0,168.0,1.0,1.0,153.0,795.0,1.0,168.0,180.0,348.0,1.0,153.0,799.0,,
1950168,2.0,story03,677267.0,751944.0,74677.0,677328.0,751131.0,21.0,R,70909.0,0.0,253,59,155,3, we,12,336,369,336.0,369.0,,,,,,,,,,,,,,
1950168,2.0,story03,677267.0,751944.0,74677.0,677328.0,751131.0,21.0,R,70909.0,0.0,253,59,156,7, passed,12,369,446,369.0,446.0,408.0,1.0,0.0,0.0,995.0,0.0,408.0,180.0,408.0,0.0,0.0,995.0,676.0,1.0
1950168,2.0,story03,677267.0,751944.0,74677.0,677328.0,751131.0,21.0,R,70909.0,0.0,253,59,157,4, the,12,446,490,446.0,490.0,180.0,1.0,1.0,156.0,806.0,3.0,180.0,676.0,856.0,1.0,156.0,809.0,,
1950168,2.0,story03,677267.0,751944.0,74677.0,677328.0,751131.0,21.0,R,70909.0,0.0,253,59,158,7, finish,12,490,567,490.0,567.0,436.0,1.0,0.0,0.0,995.0,0.0,436.0,284.0,436.0,0.0,0.0,995.0,,
1950168,2.0,story03,677267.0,751944.0,74677.0,677328.0,751131.0,21.0,R,70909.0,0.0,253,59,159,6," line,",12,567,633,567.0,633.0,284.0,1.0,0.0,0.0,995.0,0.0,284.0,288.0,284.0,0.0,0.0,995.0,,
1950168,2.0,story03,677267.0,751944.0,74677.0,677328.0,751131.0,21.0,R,70909.0,0.0,253,59,160,4, the,12,633,677,633.0,677.0,288.0,1.0,0.0,0.0,995.0,0.0,288.0,148.0,288.0,0.0,0.0,995.0,,
1950168,2.0,story03,677267.0,751944.0,74677.0,677328.0,751131.0,21.0,R,70909.0,0.0,253,59,161,6, crowd,12,677,743,677.0,743.0,,,,,,,,,,,,,,
1950168,2.0,story03,677267.0,751944.0,74677.0,677328.0,751131.0,21.0,R,70909.0,0.0,253,59,162,4, was,12,743,787,743.0,787.0,572.0,2.0,0.0,0.0,995.0,1.0,148.0,212.0,572.0,0.0,0.0,995.0,108.0,1.0
1950168,2.0,story03,677267.0,751944.0,74677.0,677328.0,751131.0,21.0,R,70909.0,0.0,253,59,163,8, silent.,12,787,875,787.0,875.0,212.0,1.0,1.0,162.0,838.0,3.0,212.0,108.0,320.0,1.0,162.0,844.0,,
1950168,2.0,story03,677267.0,751944.0,74677.0,677328.0,751131.0,21.0,R,70909.0,0.0,253,59,164,3, We,12,875,908,875.0,908.0,328.0,1.0,0.0,0.0,995.0,2.0,328.0,160.0,328.0,0.0,0.0,995.0,,
1950168,2.0,story03,677267.0,751944.0,74677.0,677328.0,751131.0,21.0,R,70909.0,0.0,253,59,165,4, had,12,908,952,908.0,952.0,160.0,1.0,0.0,0.0,995.0,3.0,160.0,136.0,160.0,0.0,0.0,995.0,,
1950168,2.0,story03,677267.0,751944.0,74677.0,677328.0,751131.0,21.0,R,70909.0,0.0,253,59,166,7, beaten,12,952,1029,952.0,1040.0,136.0,1.0,0.0,0.0,995.0,4.0,136.0,292.0,136.0,0.0,0.0,995.0,,
1950168,2.0,story03,677267.0,751944.0,74677.0,677328.0,751131.0,21.0,R,70909.0,0.0,253,59,167,5,Becky,13,215,270,204.0,270.0,292.0,1.0,0.0,0.0,995.0,4.0,292.0,176.0,292.0,0.0,0.0,995.0,,
1950168,2.0,story03,677267.0,751944.0,74677.0,677328.0,751131.0,21.0,R,70909.0,0.0,253,59,168,4, and,13,270,314,270.0,314.0,176.0,1.0,0.0,0.0,995.0,1.0,176.0,224.0,176.0,0.0,0.0,995.0,,
1950168,2.0,story03,677267.0,751944.0,74677.0,677328.0,751131.0,21.0,R,70909.0,0.0,253,59,169,4, her,13,314,358,314.0,358.0,228.0,1.0,0.0,0.0,995.0,3.0,228.0,184.0,228.0,0.0,0.0,995.0,,
1950168,2.0,story03,677267.0,751944.0,74677.0,677328.0,751131.0,21.0,R,70909.0,0.0,253,59,170,14, thoroughbred!,13,358,512,358.0,512.0,224.0,1.0,1.0,169.0,877.0,1.0,224.0,228.0,452.0,1.0,169.0,881.0,688.0,3.0
1950168,2.0,story03,677267.0,751944.0,74677.0,677328.0,751131.0,21.0,R,70909.0,0.0,253,59,171,2, I,13,512,534,512.0,534.0,184.0,1.0,1.0,170.0,889.0,1.0,184.0,236.0,872.0,3.0,170.0,893.0,,
1950168,2.0,story03,677267.0,751944.0,74677.0,677328.0,751131.0,21.0,R,70909.0,0.0,253,59,172,9, realized,13,534,633,534.0,633.0,320.0,1.0,0.0,0.0,995.0,3.0,320.0,184.0,320.0,0.0,0.0,995.0,,
1950168,2.0,story03,677267.0,751944.0,74677.0,677328.0,751131.0,21.0,R,70909.0,0.0,253,59,173,5, then,13,633,688,633.0,688.0,184.0,1.0,0.0,0.0,995.0,1.0,184.0,416.0,184.0,0.0,0.0,995.0,,
1950168,2.0,story03,677267.0,751944.0,74677.0,677328.0,751131.0,21.0,R,70909.0,0.0,253,59,174,5, that,13,688,743,688.0,743.0,416.0,1.0,0.0,0.0,995.0,4.0,416.0,200.0,416.0,0.0,0.0,995.0,,
1950168,2.0,story03,677267.0,751944.0,74677.0,677328.0,751131.0,21.0,R,70909.0,0.0,253,59,175,3, no,13,743,776,743.0,776.0,,,,,,,,,,,,,,
1950168,2.0,story03,677267.0,751944.0,74677.0,677328.0,751131.0,21.0,R,70909.0,0.0,253,59,176,7, matter,13,776,853,776.0,853.0,200.0,1.0,0.0,0.0,995.0,3.0,200.0,208.0,200.0,0.0,0.0,995.0,,
1950168,2.0,story03,677267.0,751944.0,74677.0,677328.0,751131.0,21.0,R,70909.0,0.0,253,59,177,5, what,13,853,908,853.0,908.0,208.0,1.0,0.0,0.0,995.0,1.0,208.0,436.0,208.0,0.0,0.0,995.0,,
1950168,2.0,story03,677267.0,751944.0,74677.0,677328.0,751131.0,21.0,R,70909.0,0.0,253,59,178,4, the,13,908,952,908.0,952.0,,,,,,,,,,,,,,
1950168,2.0,story03,677267.0,751944.0,74677.0,677328.0,751131.0,21.0,R,70909.0,0.0,253,59,179,6," odds,",13,952,1018,952.0,1029.0,436.0,1.0,0.0,0.0,995.0,1.0,436.0,216.0,436.0,0.0,0.0,995.0,,
1950168,2.0,story03,677267.0,751944.0,74677.0,677328.0,751131.0,21.0,R,70909.0,0.0,253,59,180,3,I'd,14,215,248,204.0,248.0,,,,,,,,,,,,,,
1950168,2.0,story03,677267.0,751944.0,74677.0,677328.0,751131.0,21.0,R,70909.0,0.0,253,59,181,7, always,14,248,325,248.0,325.0,444.0,2.0,0.0,0.0,995.0,4.0,216.0,168.0,444.0,0.0,0.0,995.0,244.0,1.0
1950168,2.0,story03,677267.0,751944.0,74677.0,677328.0,751131.0,21.0,R,70909.0,0.0,253,59,182,5, come,14,325,380,325.0,380.0,168.0,1.0,1.0,181.0,942.0,0.0,168.0,244.0,740.0,3.0,181.0,945.0,328.0,2.0
1950168,2.0,story03,677267.0,751944.0,74677.0,677328.0,751131.0,21.0,R,70909.0,0.0,253,59,183,4, out,14,380,424,380.0,424.0,,,,,,,,,,,,,,
1950168,2.0,story03,677267.0,751944.0,74677.0,677328.0,751131.0,21.0,R,70909.0,0.0,253,59,184,2, a,14,424,446,424.0,446.0,,,,,,,,,,,,,,
1950168,2.0,story03,677267.0,751944.0,74677.0,677328.0,751131.0,21.0,R,70909.0,0.0,253,59,185,7, winner,14,446,523,446.0,523.0,468.0,2.0,0.0,0.0,995.0,4.0,340.0,180.0,468.0,0.0,0.0,995.0,,
1950168,2.0,story03,677267.0,751944.0,74677.0,677328.0,751131.0,21.0,R,70909.0,0.0,253,59,186,3, if,14,523,556,523.0,556.0,,,,,,,,,,,,,,
1950168,2.0,story03,677267.0,751944.0,74677.0,677328.0,751131.0,21.0,R,70909.0,0.0,253,59,187,2, I,14,556,578,556.0,578.0,,,,,,,,,,,,,,
1950168,2.0,story03,677267.0,751944.0,74677.0,677328.0,751131.0,21.0,R,70909.0,0.0,253,59,188,7, worked,14,578,655,578.0,655.0,180.0,1.0,0.0,0.0,995.0,2.0,180.0,344.0,180.0,0.0,0.0,995.0,,
1950168,2.0,story03,677267.0,751944.0,74677.0,677328.0,751131.0,21.0,R,70909.0,0.0,253,59,189,5, hard,14,655,710,655.0,710.0,344.0,1.0,0.0,0.0,995.0,0.0,344.0,336.0,344.0,0.0,0.0,995.0,,
1950168,2.0,story03,677267.0,751944.0,74677.0,677328.0,751131.0,21.0,R,70909.0,0.0,253,59,190,4, for,14,710,754,710.0,754.0,,,,,,,,,,,,,,
1950168,2.0,story03,677267.0,751944.0,74677.0,677328.0,751131.0,21.0,R,70909.0,0.0,253,59,191,4, it.,14,754,798,754.0,809.0,336.0,1.0,0.0,0.0,995.0,0.0,336.0,248.0,336.0,0.0,0.0,995.0,,
